Feature_1,Feature_2,Feature_3,Feature_4,Target
-2.50919762305275,-4.6594345966115736,0.1920491164900316,-2.72384873531138,24.368465220780905
9.014286128198322,7.57259972710316,-0.3091164642025014,8.668075638261394,55.1082356893791
4.639878836228101,5.948520432138562,0.1335409047822823,3.9367201043921844,3.646965088390427
1.973169683940732,3.1690366931685094,-0.1524698363805439,1.9316168976263846,2.9558990581384084
-6.87962719115127,7.011634581884838,0.7081086766885905,-7.631987378166771,0.9755008647828589
-6.880109593275947,7.345884019196049,0.9567023167945841,-6.5000816114311455,9.993713229958207
-8.83832775663601,4.167259534300696,-0.7859894605079495,-8.797107880168758,-50.388091098370836
7.323522915498703,6.740266567273441,-1.331232953557778,6.594747165766238,35.21165108519375
2.0223002348641756,3.949429233385672,-1.8362053731032966,1.867695696339244,-14.269183343048525
4.161451555920909,3.6028154352060078,0.5079913269125437,3.7853733531256175,-3.8860259539827897
-9.588310114083951,2.372227564303685,-1.1033666061738736,-9.42872285887436,-6.5266656682276825
9.398197043239886,5.054332791152824,-2.152890592952483,10.068422266251458,-2.0599021160933297
6.648852816008436,-6.827897894138526,0.3885786045309641,5.711266581185564,0.8478835187016003
-5.753217786434477,7.617415183978569,2.4929995174327906,-5.695704746860768,17.2570405006777
-6.363500655857988,7.43687055490464,-0.006070911539893324,-6.443567053641308,8.330286526534803
-6.331909802931324,-9.415054339308817,0.8384907744516419,-5.9962397647060905,-17.320228600290065
-3.9151551408092455,6.516335011295254,0.08182935854756501,-3.808556826690401,-2.8461059923054624
0.49512863264475726,-7.422602650531096,-0.09888965319114267,0.11914396677534772,-25.919918061262113
-1.3610996271576852,-3.297622914817162,0.9190764829877686,-1.5206265949909943,0.3590578036760661
-4.175417196039161,4.870165125832155,-0.29027454418865134,-4.573430124440906,-38.82021739809486
2.23705789444759,-6.784802079033836,0.26739231407190295,2.775061463746889,-10.96790898788308
-7.210122786959163,6.359340482381242,0.3216978061960136,-7.199466962623192,-16.027618392948803
-4.157107029295637,6.64268355915484,-0.6680904536430488,-3.206511686419133,0.4019618272678258
-2.672763134126166,0.14935467521672408,0.9920423495365228,-2.703093541033476,-1.1890294795980205
-0.8786003156592805,-9.872282565663328,-0.17495975669540864,-1.232803699114512,12.208245293638464
5.703519227860273,-4.259237336501744,-0.7557451594928447,4.946662031553859,38.98166717058888
-6.006524356832806,2.3385383675148432,0.5365098435704035,-6.908094194960778,3.499881262673803
0.28468876827223255,9.62372356054847,-0.8984679817910373,-0.5073792032305123,-2.661999579544736
1.8482913772408498,2.636270540333367,0.028181157369128247,1.9818547027465916,19.80803608265506
-9.070991745600045,-4.803928378716805,-0.009118996644203544,-8.816629233985077,5.6999433858877495
2.1508970380287664,2.680114061992228,1.085895565831578,1.3603016870126998,21.837722052806342
-6.58951752625417,0.799707594317109,0.4746982328799528,-6.141998369216112,5.272125629968588
-8.69896814029441,5.596907903022872,-0.025026958745143917,-8.94049866613613,-38.398678217754025
8.977710745066666,-7.860387223460831,0.8177662992002871,9.051107251059442,-7.420070702967585
9.312640661491187,5.220558050040561,1.3902075490173134,10.1187509756189,1.1939916186487274
6.167946962329221,0.825331573522206,0.5578103063518622,6.616366620261987,40.97373109232265
-3.9077246165325867,9.259840077179891,0.010352619843380607,-4.041989940485503,-5.341508101105299
-8.046557719872322,-3.1625566792262783,-1.3118362323501596,-8.492153832579966,-17.54437769510226
3.6846605302431374,2.652437862678962,-1.0651136630753726,2.608752829578485,24.598802156949287
-1.196950125207973,8.64056211020035,-0.30522470435466764,-1.556526784829183,20.932995774349674
-7.5592353031044235,-7.949805440186415,-0.6095122021592831,-7.664800422518271,-50.690307510153254
-0.09646179777459629,8.744569744729024,-0.186971302985446,-0.5900515613501882,19.999595830547335
-9.312229577695632,3.7577144460162675,0.056649924897107164,-9.377858061241785,-38.499957250517184
8.186408041575643,-8.643258817896562,0.5296927543567308,8.224833983055026,-4.182216464124451
-4.824400367999662,-3.980728661063675,-0.07049877805909122,-4.936828358903701,7.894466831205948
3.2504456870796403,4.163441772905632,0.4865016438262019,2.9254443966679107,-21.544580059004478
-3.7657784782117805,-8.652987970624565,0.06447441481012024,-3.6814511422284166,-30.875835136429703
0.40136042355621626,1.643409203525465,-1.9754665663538713,0.6223307483409208,32.359430867151254
0.934205586865593,-3.0823388609408653,-0.9393353938187543,0.38900604814416995,3.5636543131634304
-6.302910889489459,2.4183103553495418,-0.14408755572161547,-5.597444699616323,4.24637532405217
9.391692555291172,-9.085159323749743,-1.2096947428411076,9.34239848914904,16.742636394278577
5.502656467222291,7.430736123047524,0.5999287299962045,5.512081278694715,38.349260532480834
8.789978831283783,9.469779383547937,1.5307508323436974,9.144086042912061,17.218595138223584
7.896547008552975,9.37755710571383,1.2187618516973167,8.013155074184725,21.046371366474787
1.9579995762217024,4.993036634858495,-0.213442870930208,2.434567893178325,-23.16315777528961
8.437484700462335,-7.398275197387361,1.490726136849952,8.581046783063247,-5.910188299256884
-8.23014995896161,5.165263918580452,0.14866745720211155,-8.53636864628183,-51.6860456124125
-6.080342751617096,-9.50826167082397,-0.33708597111803934,-5.899590989014045,-12.877493853850932
-9.09545422178924,-9.557528969420055,-0.6134026635409398,-9.66731732544957,-21.376731235846766
-3.4933933847347127,-3.5277956170091755,-0.30246968648812833,-3.439113531846451,3.90607471633907
-2.2264542062103594,-0.2271361919066841,-0.38817681854122876,-2.24306920153259,-11.588584986672444
-4.573019364522082,5.4081483561558645,0.1704162223754877,-4.677077793158352,-36.33932360002411
6.574750183038589,3.6659075321301042,0.1605739810498646,6.510481427319124,0.39054057035348677
-2.864933466128214,-1.0819458724650328,0.0030460201534144695,-3.8058579888770336,-35.766959152938675
-4.381309806252385,-4.527466674366682,0.43693816974634986,-4.6556722601228655,18.40988346588883
0.8539216631649698,9.942490003154223,1.1906462747863413,0.9003441137355271,-10.8017103677115
-7.181515500504747,-1.4763739552805415,0.9495541354413237,-7.1015873045060465,-49.79160641032643
6.043939615080795,-0.97225951340649,-1.4848979684499035,5.530102044617816,-8.666885184334067
-8.508987126404584,-6.727523576166616,-2.553921134901955,-7.876133205972233,-35.22879807160885
9.737738732010346,5.8961909749985875,0.9343199112392737,9.304651307903095,11.436399187652073
5.4448953859331475,3.8736445156297723,-1.366878698415421,5.929623986196516,-6.65373901089945
-6.025686369316552,-5.584607744224792,-0.22476540189268354,-5.8120891883807095,2.1591723122352704
-9.889557657527952,-8.352379087683147,-1.1701130260593595,-10.212671312449853,-52.18168484341733
6.309228569096682,3.6099860414942615,-1.8019804375800197,7.196884015401438,-0.16628327555654998
4.137146876952343,3.090224285622705,0.541462728204788,3.540328461074103,15.812690855704599
4.580143360819747,-4.534809460035813,0.7591551603026468,5.039720447624748,41.04910993917096
5.425406933718914,9.017271245008207,-0.5765104007267194,5.9256980927404035,24.053709773037582
-8.519106965318192,-6.978842164381995,-2.59104229214491,-8.854417069856515,-40.096501680325176
-2.8306854291145473,-1.3533039791479613,-0.5462444482524828,-2.134452779082383,-36.594618404426555
-7.682618809497406,8.872318403351976,0.3918040054025465,-7.807642066796882,-3.9050118572766284
7.262068517511871,-1.6054536614775543,-1.4789115687741288,7.406415332151799,-10.598480146745825
2.4659625365511584,2.7705189532817105,0.18335991977915564,2.5961234559367687,18.558409666168615
-3.3820395029470163,-2.0481120407441145,-0.015309849172995557,-3.4491938736822902,-36.16303924616449
-8.728832994279527,-4.515695953026599,0.5792914996010884,-8.323428857699636,6.447827382600824
-3.780353565686756,9.679552959196563,0.11958036841415326,-3.3836092054106492,-17.561817603150494
-3.496333559465059,-1.8133198736991396,-0.9730689408815555,-4.37059954608415,-42.46672709461885
4.5921235667612805,7.881984073582689,1.1965715016644913,5.244293688200357,38.43816551171365
2.751149427104263,-5.400907882178276,-0.15852957302697002,1.9199034330864257,32.777260386914826
7.744254851526531,-5.737905919498334,-0.02730453950993186,8.260527953697359,38.21028202479346
-0.5557014967610137,-9.377318342309772,-0.933267959073196,0.007651071652778008,-3.31057994112163
-7.608115081233966,3.033336507517701,-0.4432822511915103,-8.153598296341565,-14.625829160450154
4.264895744459899,-2.629473125524777,-0.8848027140269009,4.059488600482607,-3.416038992732462
5.215700972337949,7.28716499679274,-0.172946059923423,4.662848638094981,44.50545057884766
1.2255439513899251,-0.5358018661688568,1.7117084801423434,1.1180834362455574,-10.012911171262363
5.419343599091221,9.363868558294435,-1.3719011429313563,5.26532645699835,15.118676242776422
-0.12408807271218514,-6.289489685937577,-1.6135613978767411,0.2657421934224848,-2.4104311728798025
0.4546565876398816,7.372463359112217,1.4711703274936085,1.1098109606996858,24.51253261866647
-1.4491796328290079,5.531937055834835,-0.20932367715186612,-0.7513377274340298,-23.692568621118532
-9.491617465118097,5.41843689288104,-0.6690727386599166,-9.772701478407248,-48.06970668239457
-7.842171460133911,6.895664562337753,1.0399046873960764,-7.946782397006175,-5.2030016503780026
-9.371416286265315,5.220479818859978,-0.6056155397368641,-10.21313538237579,-50.93193425709255
2.7282082252756084,2.5244064326283073,1.8260097135469362,2.325273192027514,22.01970823464132
-3.712880378473466,-7.3751024463522485,0.6779258713392691,-3.2304545619247373,-32.533275676723584
0.1714138232940563,-9.349476410174962,-0.48791140814570266,0.9792052350681721,-0.06509813013349586
8.151329478521859,8.416956956313737,2.1573082132655035,7.534155042581898,45.732505803847744
-5.014155417022501,2.3330062904147617,-0.6057149230033384,-5.310387546598948,12.12385225390705
-1.7923415392874062,5.930745819523526,0.742095372009307,-1.8055444177668698,-14.681768423250343
5.1110227708609735,-0.3695529697489981,0.2992925804064919,5.2511033502707765,0.21903000490722668
-5.424036690167551,-7.65383622075211,1.301741289398798,-5.828838450128374,-39.91497392083984
-8.46040180342414,-7.496284155948992,1.5615111967268527,-8.248371281192096,-48.17434825859236
-4.204970941724639,3.711305744579427,0.032004149065766624,-4.441890615260097,-28.76863398950311
-6.775574254919912,-1.3938821020107461,-0.7534178703461835,-6.782800390359051,-46.85135657901489
8.59395304685146,-5.989505465993266,0.4599721429391164,8.867095170853311,28.417940101037296
6.162407591288339,-0.16810906517126156,-0.6777153697521061,6.1656187261938085,7.620868381846897
2.6680751302084698,-8.715821258497318,2.013387247526623,2.4498821849451855,-11.008723655179281
7.429211803754356,1.639428038287976,0.13653533108273744,7.37440690179144,52.32123584243182
6.073441537982291,-4.620131911298047,-0.3653215513121087,6.029260058379623,42.25888872388908
-6.268598822279284,5.951182012743763,0.1846803058649084,-6.453604337220347,-24.323685930339174
7.851179969799556,-3.7927608215285247,-1.3471262895296965,7.721781938466005,36.510143351384095
0.786844838313014,-0.8955970183639756,-0.9716140385106515,1.5861684235653724,-22.4246103214442
6.148803103281249,-9.767589201837987,1.2004139079444254,6.429262827251868,24.271302354639257
7.921825998469863,-8.551062244108822,-0.6568942789713957,7.774085839455283,-4.925005979884137
-3.6399305005627225,-2.150128871866304,-1.0469109826819396,-3.2914532983073546,-34.107630340873655
-7.798961509446465,-0.4012233056575294,0.5366527525272862,-7.96587125432447,-32.87564769968263
-5.441296749161166,2.0004109623860735,1.185704154662997,-4.854734430367846,14.211461659094766
-1.4578442274748742,-4.166748425813935,0.7189533106650667,-1.2730231313758273,21.898764421177667
6.360295318449861,3.8996377225308514,0.9960476858058164,6.306644246447746,-5.202251551774131
7.214611665126867,7.20244794378409,-0.7567950885694608,7.438470128032006,40.076042664220736
-9.860957389376185,5.597019777866997,-1.4218106667418438,-10.646395465410436,-44.8131918250266
0.21494605155131552,-9.207623493032857,1.5013336519554867,-0.3484376829035871,-4.41540628874694
-1.6517799370244202,-0.38986105484342204,-0.32267983884213575,-2.248742440223948,-14.529412461897895
-5.557843790585395,-7.901396431636503,-0.25083301645504735,-5.486372243203541,-45.81600383782351
-7.6026926533263435,-5.159099682749451,1.328194141849058,-6.736435153583797,8.248121768411934
-3.247696571927441,9.733251865342929,0.5562300094006599,-2.1320464988311247,-15.724615079067089
8.858194078250385,-7.150089141969735,0.45588777208160763,9.177219628970764,-4.063188981907171
-3.5359413595848954,-0.02223693097287871,2.165002344901084,-3.285519122112667,-8.420185966037671
0.3758124348673224,2.3631146863623815,-0.643518230380143,-0.5247164322090471,20.680180708641576
4.060379177903556,4.049299410882078,0.9278401280812372,3.789042278036545,-12.350680627303634
-2.7274079524141204,1.192973669738283,0.0570131248970845,-3.12129982836824,19.539063446546034
9.435641654419214,-9.804583051616326,0.26859227886325693,9.125217855293656,31.101523648648453
9.248945898842223,-3.4707738351201627,1.5284684264125317,9.164873989549829,29.565328358578036
-4.964354083492717,0.354232867694229,0.5078357562896237,-5.2003993723412805,-1.9085863919199273
-0.0550298821522901,-8.242670017103332,0.538296079049633,-1.044679787340184,-27.380337472201624
-3.982433803664607,-2.987461375816385,1.0725073373098022,-3.6084786756058405,-16.37036976642643
-4.303190112450648,-9.33593782417267,-0.3649527295428853,-4.839561625320551,-12.142489959808332
-9.262261052909345,-8.428430056899586,-0.8392096673390064,-9.14263762085377,-51.66345700336325
2.191286679597937,-2.061534475968079,-1.0448091940210336,3.2283280144729236,-21.113499682969383
0.0535804645772302,-7.345684919138793,-1.9663565893760018,-0.4061118312159815,-28.495323627428654
-8.970424975000213,1.3508169652311626,2.056207129940322,-10.235568736373379,5.547323938123139
-4.427070715267771,3.7892993827453143,-1.1032083657216831,-4.570072826207826,-29.073654851738176
8.165317719333075,6.011733982181656,-0.221253623585772,8.71579753683236,10.64857056542778
-5.208762186660552,-5.996995115103799,-0.27681329988892067,-4.229588459550255,-5.322033547642505
-7.102102558175538,-6.650348354818605,0.30740669780910074,-7.7168773554017465,-26.511741138660636
-0.21094479444873926,-7.908643193311995,0.8157372125392968,0.0374048171695216,-31.636338592347606
9.713009082212015,2.728604990872734,0.8604734883597454,9.480353853821988,37.9943347070524
-5.158894569769991,4.129514529738023,-0.5830774385689385,-5.211868746922059,-40.20316799489054
3.442710948117572,-9.36827710348716,-0.1671217137864115,4.764882621626089,7.972261715393165
5.232392306574351,8.724244924873798,0.28257995048829965,4.480907142376774,35.30287652891449
-5.247249120152007,-8.960574326970551,-0.24869112618354708,-5.1203792894047195,-31.49273730187894
4.5643269722371915,0.8259267060214093,1.6073455760199926,4.798173558119908,31.872315606858535
-2.644337345614936,4.181210389018329,0.49097495163825133,-2.1014441831452624,-31.32301873472906
2.646116611871589,7.419382474921711,0.7348777860498175,2.695108188607037,33.4203673971218
2.6705942152178945,4.2817386426485555,0.6628812686674127,2.8246194849699457,-19.842056235057033
0.71549368149517,6.034561661395838,1.173473857485325,0.5196693977842745,-6.801340929008941
-8.194204598911835,-3.210996149143879,0.18102155870370695,-8.05964112828928,-18.231898182652866
6.70604991178476,6.296502274930244,-1.2968319479558466,6.534453774036055,16.853267533038334
-3.5843987005652833,-8.397703072306497,0.3996879517526416,-3.273612755637258,-32.29911526264547
-6.269629792002915,7.896333121210553,-0.651356893791829,-6.454434960024732,14.807866500756653
-9.184497168904722,0.9518475230747256,-0.5286166817497568,-8.995946971953629,2.148626068165772
1.8178588637648367,6.345955399249874,0.5863640187550933,1.8032274569223476,5.602759635546699
3.551287236845649,-0.9536343096339976,1.2382830714336357,4.1143123622317335,-16.56271869755733
-9.668243421442877,2.871553903930499,0.02127157673606165,-9.69394028323712,-17.03266146077323
0.24186116598562002,0.5280532187222633,0.3088330125989638,-0.6446550681178207,16.509137828922725
-5.470084496041241,4.6317904351066375,1.702214944635238,-4.839123745684245,-44.41979105736678
2.9034558081889976,-8.367400359388208,0.24075317948856828,2.4505896577576882,-18.29392476855387
-6.512671419900171,-8.792958320188724,2.601683114180395,-6.839554589224581,-29.84929999504019
3.81875476204932,-5.057935319797071,0.5655096456315442,3.5209241150275736,39.51585257176208
-2.265293073989252,-6.809106397736233,-1.7607627591558177,-1.5780740274038432,-21.37557475897875
8.73459977473469,7.435671331844034,0.7533416211045325,7.666762667745342,51.65222613565781
-7.249581117080135,-5.615720252839114,0.38115838488277776,-5.680706850250138,-0.3701920800364711
-3.17867297899483,9.517305116382627,1.2897527540827456,-2.650644574461804,-14.794787129447325
-7.730529575188219,-3.262084164577863,0.6731813512699584,-7.6189101181236385,-17.73649148492662
8.493872365571256,-6.357641686226014,-0.13845598398377382,8.466425365263113,15.261468967131579
7.5467870676196185,5.793970142849583,-1.2242982362893657,7.689564105048447,4.0659429910565805
-4.841167445696888,3.1741555100175223,-0.20902325728602528,-4.580606231507218,-13.04279491941368
3.19968092068358,-0.03608567093722037,-0.8505204542093001,3.5222887136586083,10.269741732255607
6.344444004024318,1.1072710187526251,-0.5805234498047227,6.622246237026042,43.349421126448235
1.104016231989247,4.384035565445277,0.5885784044206096,1.1488065726168715,-26.075399234306907
0.5930115671201293,-5.4309051733740255,1.6699045043514062,0.4943423569664662,25.724839103026795
-5.162954181990966,9.926678321134837,0.3946715298229811,-5.238590823817722,-31.76242792381261
-8.137944643882015,9.495863242935663,-1.1958830620351844,-8.235398784058356,-22.00439540083471
7.944315159066534,3.0065137269387385,0.4446026682201407,8.511200207500066,25.442573858789927
8.008361143266608,-6.009150981417097,1.196631486645651,8.30513950440704,25.18225300468584
2.6620291454653593,3.6045648486258273,-0.6097829043193822,1.1918348281332192,-4.455700597665862
-3.219404179025986,-8.556031820416482,-0.1340171666729177,-2.8914537907611053,-30.2771120653336
-3.015808507746782,-9.386949955883878,0.014688194729197093,-2.9184404103873947,-9.50466661167518
4.519113577404788,-4.846342229775726,-0.78489831308224,4.509759199181839,42.29459780002769
7.942205199051543,-0.7475408652136739,0.648280433843859,7.7479459725071,4.001777336167287
7.741728485302346,7.365450108167611,-0.12094814860778157,8.303784845295352,46.20874399321559
5.597510917152476,4.543381395326161,0.41953244390702776,6.071274148213905,-15.082346953360247
2.8406329230857548,4.854130423999621,-0.8874921778021001,2.45419408917395,-23.51628414314158
-8.317200700099024,-1.490133311038493,-0.43745830032341043,-8.113674556536756,-52.395145564574996
-6.767425718107725,-3.0813001490607412,0.7223813578277714,-7.253254085378368,-17.065572124847435
7.971083770541586,-2.5792247403079465,-0.372833152091767,7.281274688147121,2.219813769740327
2.128581193191799,9.752991274721158,1.7269638512334051,1.8152225808968165,-4.205981485343624
-9.816058967667407,-9.19781617175035,-0.39963618561460235,-9.384862231476028,-32.24601047134656
-7.9705691426793575,7.340629922448972,0.22468472575188592,-7.494006619991314,7.164638171279005
3.2700353821611152,1.5735081714478678,0.9325908318730899,3.526578092209762,38.84230235452296
-9.898768323075625,-1.2276916162081903,-1.4183657329330317,-9.536220429651626,-50.92328319646441
-6.783838971650027,4.50515320830273,-1.7608088119807759,-6.5257498280925486,-47.337732470496476
0.9746757873317229,-0.26662117150594256,-1.5256563145700948,0.6539349897202468,-6.007265514838638
3.837903953853864,7.468464761633211,1.262584103427182,4.053865226190834,35.43535823560549
3.0392251900520115,8.014037280225171,-0.5518581458924467,3.4394299526658525,36.3260289465665
-5.514613810788804,-1.5655814625308917,2.5581992856682523,-5.137468145882017,-43.03152561966737
4.243584426950717,-4.463444055298968,-0.5642475986573886,4.838041112688038,41.19812566321491
-5.255018250063999,1.8470065718672437,0.18455130319703697,-4.900866326463467,13.88099936260668
-3.4920060368146455,8.24726691233382,1.5421099525678756,-3.316281933043854,20.718848129352438
4.929828102360483,-5.786756219886668,2.006092888159123,5.464903221518697,29.324507509553086
2.992657980944294,2.4593316712696556,2.061503576636398,2.979397351319764,27.224999563301143
6.984468209883559,2.631204401850411,1.2083662305931424,6.5435308842697,35.8702437894375
3.152257846006867,4.66226044830562,1.0240625258114624,3.070724364034985,-23.629248629745668
1.3661720667094315,-7.368646297454804,0.5925269492011831,0.9937207443062069,-25.609436120298746
-8.12650464343815,4.316499293641771,0.7783610761666377,-8.46409378092534,-51.553317317463524
-2.645683938811329,8.180650413312819,-0.5511857163285334,-2.717943274169088,24.791375313077516
-4.695952646365491,-6.406337822595161,-0.8181988834223072,-5.092162606865472,-14.11639385610446
-5.1202071324183285,-5.249133501522447,-0.0033744574109520514,-5.274187897237849,12.869649593285128
9.460211095048912,9.427901880832792,-0.17018462252492844,8.51340376157202,24.116747540789234
-2.138045506664792,-6.380460945810205,-0.4532280493272752,-2.031398652978323,-10.5097608192894
7.8409311035422675,7.0877018673915835,0.6963874474567153,7.84153384122338,46.10869615497474
2.622772519945258,-0.1544428710393042,0.9553052085705107,2.2142282044111625,2.200484898120661
5.896226070832968,-5.055378511936459,0.08840688629184736,6.225848905049171,43.21195928606241
0.0527418621038418,7.4149980254502275,1.4775300810552618,0.521526930917121,28.7389114148375
1.5380776925271817,-1.0938948999466902,-1.141689114133505,0.7342977603426947,-21.845432874017963
-0.14964612362272156,0.29634707859380427,-0.19365945927971812,-0.5310085129058286,8.834506948312109
-6.09514024403911,-2.8153326120046867,-0.7168223206028049,-6.479711418932759,-26.433877862402014
4.4490423052301065,1.859017028698549,-1.86653661707306,3.979090754675674,40.82807705659054
-4.384552751182884,-6.729522548299545,-0.08268068584269925,-3.96981533021701,-20.14726797989569
-9.513680671370924,-2.1783692669647863,-0.12174750838328353,-9.610593740757325,-45.72444116505986
2.9094459181433567,9.38824644670575,1.513449743242131,2.7771884974880514,11.555689720873396
-6.457786411859021,-4.837331345977449,0.6308116845547775,-7.459717594062398,12.599248151563408
8.809171687058285,3.134733290825844,-1.024186824329205,9.126880702162898,20.24949884635632
9.078571540051747,-3.496198715506102,1.8540925663341883,8.458942342625011,32.86148391833696
8.29728780440897,5.469462513732013,1.221033695525353,8.327254119542134,-0.9508009547396874
-2.5968259948911125,-7.3825267856330035,0.5820977034686158,-2.458137525912017,-31.0309358711052
-9.690867669422651,9.396420901570895,-0.22648409884983192,-9.010538371503326,-26.761500665237925
8.566371251754507,-0.924209172327215,-0.9594392367234797,7.911961052194951,0.5306917863193199
-1.4363170336537134,-5.278990733070721,-0.372206776071053,-2.946073111564126,21.405089027477985
9.333096380873393,-8.530065053399747,1.088748619704186,9.42502115325024,-0.921905203027638
9.272399541785056,-6.604841898249186,1.884586305934609,10.172655132540482,11.672631408483213
7.060189109347203,0.3954789711203528,1.543243528272189,7.679662285816922,25.898266430130242
-4.111022158608286,-3.2599364713742744,-0.4888494217862741,-4.006192450970973,-5.0891810730111136
-2.298045427961495,6.577667317652189,-1.1196174332890112,-2.5438635207775184,3.1088482940219864
7.022733430337137,-1.3822495267638821,0.14088624691120394,7.426294728655792,-14.491417659671558
-3.661559896874447,-5.025714548247402,-1.7684393655628516,-4.1483329967266815,16.795357086982854
-6.61014506627815,2.3428997320806015,0.32316771418478146,-6.37196618160004,4.296412776315812
1.1360252491670035,4.135544337708916,-0.14760258629866868,1.388760328750317,-18.96752465742135
8.72309548321562,-6.659161841981003,-0.46603650186824225,9.25320043696506,10.273125184062549
3.9205959334994596,-6.647615674233647,-1.5947030672667954,5.300425952954998,-3.897309940207241
1.4012234017872984,-9.266571461329141,0.5136001065697166,1.597431385376682,-1.71484838299962
-8.05647012458463,4.728040301312809,-0.5327008396619114,-8.310951937438379,-50.682948068263485
2.3001445339833957,3.276090552436102,-1.169916835710288,2.2873573778873983,-3.6661947917600095
9.801077002085265,-0.5073824850037223,-2.8722622132816493,8.916539049640706,9.817368112857093
-7.19831969526952,6.883408979383944,-0.027514905050636255,-7.545676260814049,-1.5128563814262606
0.3665930472747352,6.113403059001065,1.772251596669744,0.16195182821818319,-2.7601366175717086
7.5474614385591074,1.7070872879350425,1.66125921454787,7.285417239591811,52.28836842678067
4.815372355084088,7.365425610265174,-0.45709625658627184,4.89154979110095,40.78190628090465
3.9403148199053604,-5.8831757992646345,-0.6022120603617805,3.52910485371426,20.99582265847309
4.049681679742186,-7.7616076120454425,0.46877425607502377,4.610197013404422,-21.96094420759065
-2.8101769756048967,-4.605007769660208,-0.9983854391882915,-2.8100734431457983,27.948482434378697
-4.128163114710133,-8.858262878213703,0.30179189981946597,-4.13281327527944,-26.302815592549933
6.187223109570272,0.6233905600206402,0.7660802783846903,6.023275751313814,33.00965593524896
6.202267893583617,8.732113845899228,1.2269332238843076,6.2798632355131065,34.61510782541879
7.341446371602075,-9.213129186629807,-0.10015407647995278,7.753995503935892,12.447620415013743
8.264811051129428,-7.557801719799464,-0.20367375017696587,7.831245943273977,-8.320446045070202
0.22684797721875682,-0.956019434331294,-0.877982586756561,-0.1022102673188715,-25.087268581693905
0.030325893743992083,8.677500350558098,-0.82688035403986,-0.12153712064434025,19.371425678761636
5.965903579335503,-3.67687790046499,-0.22647889190152676,5.292968117598896,30.15184463656351
2.999278615555303,0.14469617376784782,0.3673655068161781,2.589649685694554,10.73710055247081
4.039337545154067,-9.168542818992158,0.9135846262332494,3.8012271083817377,1.0694397790220753
5.91585338872202,-7.033135980758223,-0.8031789506803448,6.353047979078384,-5.445586100830635
7.8001068363513255,9.732602459176938,1.4926885689595217,7.931387500852288,9.900729266387767
-3.240096862969284,9.302373928720911,-0.2711236010425688,-3.1433019072855117,-1.429298095114191
-2.48834094720112,-9.901200381311808,-0.021367294348436157,-2.0628919661171343,2.2352959849921543
-8.12036120318262,9.03623570846478,-0.7472116791478234,-8.189047097382318,-6.752697476270146
1.5656028199234804,2.782398756310007,-2.4242402602729416,1.7608352448879252,16.951768132620415
-9.281154524065158,7.358365890400442,0.8840453963610497,-9.332765400531406,-0.9593854144125196
-0.6880396373507978,-0.9052028873228188,0.7368438970924334,-0.5553584626509835,-26.0019880617244
0.8528926941515316,0.31192057158500575,-0.2813275571182134,0.5615133653457405,10.595962928208781
-4.269174957434312,-0.22306839486159546,0.06699071722487192,-5.488583536572526,-20.12465167644449
1.816665211380215,3.337285150922087,0.5159392177040995,1.749525630287063,-2.8473461869768766
-9.389995001219011,-7.206974904873742,-1.5625458568865427,-8.678620933169041,-49.63289068535667
-9.253036225015713,-9.400528202546441,-0.5290526773462948,-8.789928523894917,-20.355471124031126
6.452011213193167,-3.8414011681761817,0.7942646796218271,6.934709955488752,37.32352139843833
-2.7961871717747417,4.093615254732935,-1.2542894231692494,-2.178121810871633,-28.885068331322536
-7.458789746962305,-5.962930957541033,0.2935579321666293,-7.414460951481586,-7.759390595606421
0.4448652010960874,3.4686486664983462,-1.356581804623405,0.5435230547988852,-10.783635291340573
5.399871061972217,9.398240922145408,0.46642998243352635,5.091045114255042,13.246654845553955
-5.683579450063137,-8.121985684211632,-0.03564148229748357,-5.841615878076662,-42.1592402672465
2.4578095163800047,3.4520423645025247,-1.6151318159055095,2.7656950912655756,-5.464338238246825
-8.29305070012464,-1.1249956139085775,1.1647393544571714,-7.6911084815402315,-46.374600977290655
-8.966365576627846,7.362845087550106,-0.7345915767980492,-9.036088714468345,3.5573572826214175
0.6270926313629595,-6.457004211052282,-0.810252437014381,0.40199799893725363,-4.370258828384106
0.8127024322021299,3.852519044523291,0.20056919723094285,0.8129664116304286,-16.122404906648917
2.748598029964132,6.762305792962206,1.1486373494287152,3.0492014044286893,21.589987869678303
4.52182667445323,8.892284389480466,-1.015821818978397,3.799899266386459,25.813131501624326
9.517041589250692,3.664960565792917,0.06167984984797165,8.368951112682073,11.117261986487012
0.3260069660239058,-0.05650471983145344,0.42881650033057295,0.050738541278114,-3.041348942425958
-3.5408705411750807,2.356944804024277,0.6931056072631441,-4.15122675413216,13.576975766876096
5.903723895374073,7.378099689574363,0.1764415552772252,5.649653796550417,42.61218311643886
-4.583354974758516,1.4121949327765932,-0.3670278390833223,-4.657245134167251,17.54599391876289
-1.2205715858872779,-9.392258806063262,-0.8275902206487197,-1.4471957903987847,-3.3745656262224903
-8.430872373154681,8.618973910139555,0.08614388304637476,-7.704638605919309,-1.9377768919609153
-9.49298513169085,3.790535020631223,-1.072139011985607,-9.329612749389689,-40.01473187940164
9.252968293558503,3.5302677155449302,-2.9213504834946074,9.403205473363917,11.39373742368917
6.719602410244118,-5.6864969520456565,0.4365598041576678,7.030705982265819,32.61074489638705
3.9194841218739604,3.177709404653143,0.9039348410861953,3.350067562983576,10.813461766104668
-1.8209411117146033,-2.1227118869168304,-2.3629324355418384,-1.301385218004469,-31.506691752755607
-6.534113598583085,3.024659540829841,-1.0097307047099375,-6.571995741850815,-15.652202081253415
-6.871259146578279,-7.868139393840186,0.6191542610051978,-6.5360188379576725,-50.288399631248275
-4.995142036708094,3.156906092060721,2.0574954697116987,-5.531070653228172,-11.73522038830368
0.984533294122409,9.98827451541333,0.020793707675407894,0.2076539111143768,-16.123888026713427
4.291918454001246,-9.03575922278888,-0.7280029412291344,4.700863283013761,2.8609648759746804
3.2039475343546258,9.543483684426345,-0.18289644110484016,3.392152297403384,0.2931958606457288
-4.401322061081143,-1.8618407855425883,1.3748764191481848,-4.852347838259899,-36.3487330439077
9.097305613263881,7.415069006745185,-0.6459641791245353,8.662474072626534,50.32172746431783
4.757938333915369,5.64770968116547,-0.7991920066502536,5.320655726122754,-6.105391197625634
1.0870810502280133,1.340325219733355,-0.4827435221820324,0.49237510379434934,30.83463100613631
2.2344149246870444,4.768984185026531,-0.9533286082587124,3.055751401315026,-23.567658024531234
-1.6079987514442013,7.570311226026959,0.12267031599479553,-2.0583091187681357,24.705772586779077
-5.045380209976851,-1.917193566979341,1.6246784584695606,-4.726184247172659,-38.624906525447095
-2.8805464269747683,-3.459336768735226,0.3230792731160291,-3.0448556648492606,2.3998211162598126
5.156922209287382,3.3518677112716944,-0.2523535021262876,5.4585159248285535,6.931041839944944
-9.712130227404883,6.15691883882517,-0.2918112689155441,-9.984187228461979,-28.78548659326004
-7.678547189861675,5.245702695532316,-1.563190808696657,-7.759943642897822,-45.144073511443224
-9.079947159564945,5.95627297717269,0.883109777147159,-9.059487571867084,-31.71787701560007
-9.185423953620598,-1.2883337037413405,-0.07783719701280203,-9.686517681511335,-55.19505562064637
7.109211680220145,6.356684323500431,-0.18047991359062565,7.479623852930208,17.279644134956182
4.073157187600474,-7.595818892587831,3.193107567844861,3.816550404364681,-17.336398951760437
-0.5165234182534952,0.8897819592169913,0.29875290836568624,-0.6308233759235046,22.35845707757556
-8.04331678697997,-9.884826790037568,-0.7517910500951843,-8.540491474284226,-7.156502839436399
-0.1676824976633533,-3.5082834019945945,-0.4263575962055433,-1.4488493270610086,10.373506175691203
-0.5305645843886868,-2.670769302572042,1.1484457091967548,-0.6260784656887713,-14.23985421363587
-6.535962601799696,-2.076546167814892,0.11327041053776446,-5.329654890993238,-43.66376935783379
-1.3229670152405397,3.9093441337972443,-1.4382779783173667,-0.9306648712915278,-25.69960430481955
-2.0299053120525308,-2.2288379745930857,0.9192289345752035,-2.039535501919728,-28.418815207956317
2.3170019610443298,-1.026127547549386,-0.668144085538994,2.185556546440196,-21.823209293669166
2.7018730173528756,-5.24911738251345,1.8732977762175456,2.7131059637588986,33.35277208692859
-9.09391980455911,-2.5349641674131984,1.0800480657146485,-8.820360246971505,-43.242989363695436
-2.5077477074705756,-5.454607454736971,-0.4473218956587512,-3.098154115124998,17.898067574537873
2.5171983142847267,-8.536081524631127,1.281016361735113,3.074359161619163,-16.049327512158484
0.06272517160175362,2.0689718676275586,0.0678555105274033,0.42041582932237564,27.022546191872202
7.129796823766444,3.3642559711003255,0.8527736751222195,7.4888896866204115,13.165034903482434
3.1738726323789006,2.3898069201922905,0.48473281729447476,3.3931105017837644,31.753958682647564
-6.741311458371406,-0.7301191239885529,-0.8463566549908735,-6.731503129524412,-34.83329046845769
-8.588625051991404,-2.404284396415404,-0.643549832317462,-8.252194434007993,-45.322242207107024
2.8483855641263123,7.266672991436504,1.0299608175811612,3.1442926309970014,29.534861004793562
-9.469773789167563,0.38163570272436154,-0.33477533210654087,-9.646794144638076,-13.750901874101347
1.715511625469265,-0.41636244740537975,-0.4036484632419967,1.4287107390208145,-7.7921294452003025
8.804604828499151,-9.487158683871286,-0.955122579349353,8.855532976130144,24.917038313800088
1.50948355751758,-3.175043447476873,0.42359906559346105,2.283993633265174,3.3255579448020707
-2.236601475869562,-2.396087624282859,2.062524919243145,-2.856155013696512,-25.568259108136637
2.8657643688470635,-2.0235443820619903,-1.0675329142542729,2.1320017359708436,-21.323806778505535
-0.8349421901696665,1.6034473845466461,0.02421945667275807,-0.7525617695514082,26.67361896564588
0.9123357863186996,0.6720509345375696,1.4122205554154292,0.9377796372467087,18.145284676073665
8.829296175530502,2.1581018558688925,-0.07964139124571515,8.915967007715706,45.19987673166019
-2.2779472439845154,5.297665230842565,0.4523717962497339,-2.155970645030265,-33.405022583534574
9.223811276478283,6.259714774321871,-1.0623935281468797,9.11221014916088,20.403730343311572
8.107012839121275,4.362461524529888,0.4283070972076486,8.851944558422316,-5.80711187709792
-6.084177304214071,9.110473919098695,-0.18714426500454878,-6.884629293452329,-7.8346005904812674
-8.612773982496691,-9.635348346472767,0.985729995679863,-9.027022494886815,-9.99663920385919
-7.984439972451467,-6.0844402863290785,1.1873860515647512,-8.03606735252599,-13.051287782919271
-9.635563486969005,-9.848742500437158,2.589563642018614,-10.457157892546089,-11.37791997796469
-8.111140784881432,2.9494942830920596,0.5796331732135757,-8.199067987097468,-16.26699493079918
3.6601354683271374,7.960610978999739,0.32579631658216646,4.490870551191146,40.380572701028086
-8.57622703079542,-5.1303540684740145,0.19438430157733602,-8.56578378664744,4.825660946133311
-3.6204873941247744,8.540690895926133,-0.35316629281068834,-3.5051369412654325,14.392896517483212
6.89750621938909,-8.794652194208783,0.33848384346169114,6.2674238368027995,4.686543341312188
-9.534561285283482,8.688720536110285,-0.29540141013902943,-9.84274198930322,-3.8873866911840516
6.289369651778717,-2.9675462552073117,0.1684609762696143,6.101771461616749,12.826900129444198
-4.362904504532001,-7.97158343101567,1.3175975356079597,-4.521762052910119,-42.10640035381694
-7.636703447566875,-0.28256481627348684,-1.0065425652796411,-6.995881550064991,-27.526325625428555
3.9347433072830125,-4.864468645589842,1.1398785611290454,4.213588837645575,43.03220429913783
2.5788569355976794,-4.302541960761543,1.3171150673398653,2.023127957129163,32.70866196811543
7.549440270541059,-3.8542007014742685,-0.11806852699107874,7.672692659757061,42.11277967259849
4.701420876077716,6.060517956653268,-2.1218548990085946,4.950531750326109,6.544098933779972
6.06961860769697,0.7832255335050888,-0.6078219870944325,6.639693126957604,35.21617793287072
-4.35930854857387,-3.7738460168799275,1.2969945465611092,-3.5690382052896834,8.095465312447665
-6.451209124405544,2.2066756662183664,-0.022868062298882122,-6.958756220319478,9.953579515577767
5.012295032817168,4.323013484463871,-0.9993022322949108,4.606866277211998,-13.980031754470165
6.136694785345281,-4.547519985329325,-0.5047749212282174,5.507905855887973,41.79448346605865
9.810102840013467,-1.7290179694929702,0.840620026504553,9.693092910459976,-6.554288656894762
-1.7476464617714704,-7.562278133261049,0.5467335682013793,-1.5144672745483032,-33.59681439227681
-2.559638284144336,-6.377013009306394,-0.23893209916969432,-2.065971025849785,-9.358665324518178
5.528259214839936,3.622357079299656,-0.36682441181468756,5.490283703018675,1.1882797638196934
-3.183929194939643,-6.371233046087461,-0.3917581490438219,-3.343852956567065,-10.24244156702659
8.615146512071295,0.5032676733412025,-0.9224101844985025,8.691025508195665,33.33589637476632
7.168255036860238,4.1809252344486545,1.6153756894694418,6.750683586045226,-7.180951928863479
-1.420119452499634,-7.862461538105123,-0.3223204692113399,-0.3753500916522472,-32.328048515534036
5.017421355829947,1.3462443925780718,1.2171585208254965,4.213590842270918,42.9099535516733
5.0908574816936465,-4.868744325972725,1.5213160519224513,5.1832277711415085,44.52274670481333
-7.937522623281348,9.258537504751597,0.9983108981479604,-6.925719513666528,-13.211687862359085
8.051058133591333,-0.3290870656015059,-0.4316203127180484,8.054458055871331,11.35062892602602
0.10504744895714246,6.119850995503164,0.40373009033660945,0.010027931456395231,-4.755983951119403
6.529149322154833,1.0045308431252344,-0.024195606390916165,6.3504266107496194,38.31826236885206
-3.599007979387765,-9.131749342903618,-0.9037018607301281,-3.6892038202689688,-16.803875422348995
7.9104645699240095,2.663027511880447,0.324359281721603,8.596888807262275,34.0067164571317
-2.215966425316738,9.02806684413314,-1.1790397911598025,-3.3218973809814916,6.594850995208783
-9.783246970394032,2.0322364029266247,1.1876793884615637,-9.01653011974587,-0.14924709116695212
8.107639528385274,6.383777188535802,-0.4646172972983931,7.395660952160202,21.11965544635357
-8.174266464277329,7.6841292669681565,0.2011596558728393,-8.307592628894536,11.238931537936963
-3.6137272481917027,-5.4384045610213505,0.28328787154614216,-3.828349458341034,13.321338628735099
9.001239341016099,-5.759103201835467,-0.25890497370407733,9.29551597590146,38.87865526988786
9.012142938751122,2.219619777019835,0.5866938014752747,8.213080762809248,46.49085247865395
1.4687577624657226,-1.7794306038659062,-0.47490365662252443,1.699844095506694,-25.618034344531647
2.6367442433959845,6.797226057334406,0.8712972974572442,3.6488990550394105,23.219422052427866
-1.031089560433605,8.000462467960222,-1.3459796802467485,-1.7126765627300102,26.068912194130395
-4.135784566038709,-2.931572413945638,0.12637957954641182,-4.040931482233511,-16.40161070524745
-3.4267090926016808,-5.262588820510359,1.9389289990582848,-3.7577001814999855,16.081278225749028
3.450369121540769,5.610510304877236,-1.0003313246055747,3.6633127246372865,-10.935484276700631
5.0474905887536,-4.503879289037278,-0.6777449705248515,5.057064477461476,41.350597167609365
5.83158087451697,6.452286370273569,0.513907849658915,5.5108374199948145,20.072108798807825
5.792362855891078,-1.5252349270247443,0.17958178193959795,6.036298998326615,-16.445457872386925
-8.175877939026194,3.3509979858294088,0.3506300992735592,-7.273703884132822,-24.164530383456132
-0.11159390594837149,-8.089293723306636,0.4891871301476635,-0.2070458018120208,-31.241448154129458
-8.848824799667113,2.4771864935314607,0.6347214685617699,-8.488945828593023,-3.998053647407559
0.9905776464747102,-0.9646464252554168,1.1096998419562232,0.3439411675391284,-23.058444008454572
-1.1693899725324606,1.7321692635094816,0.40981865692851255,-1.647608160941465,29.580709413067797
7.754083655165996,-6.639715845102732,-0.24125765461854246,7.990286794106185,9.307566859079989
-2.9816997489584267,4.737474898883642,0.6725737012027313,-2.2396417346904443,-35.38112123887269
-7.658659671447882,7.25594155086457,1.8998819348952156,-7.480852997055052,2.6754505158649167
-7.140166358943283,-5.665203998184487,-0.13263374638257355,-7.29669537420486,0.06541489363923603
5.230212634349446,-8.085708889596766,-0.9745293046706415,5.229858337061123,-14.343341842427268
2.364361266325222,-9.527228279073272,1.1070806692869728,1.7391573993403633,9.143606887053327
-7.977546477544195,2.839430008865321,-0.12038116395359824,-7.675288814366511,-8.88533842201025
-8.317863877700052,2.1418807217756157,-2.172669546014036,-7.876697346538347,3.4102225852788663
4.019382629182399,0.9339482542814004,0.8474216771504216,3.7933374627658587,36.98637407017574
-8.544739872716129,-5.361058077680491,-0.5353281859539227,-8.779760946595879,7.1426026899352415
6.437201185807126,-2.181880081889707,-0.09053328230416077,6.570140300633151,-9.20347481405964
4.1248445431299245,1.8895267037234618,0.33198033056901455,3.9064846751096267,37.910127331469326
-8.373024387162005,-0.06466282281661151,0.1904996797790664,-8.406090694474916,-19.96432511371602
-8.30324571829616,9.755710404297744,0.7094518171390395,-7.253384823712903,-27.34672055802124
9.732791570023508,-7.271204948865337,-0.43548637056984335,9.60927871965051,-1.7618732516271614
-2.514584084877594,3.902891080951875,0.5131057981760827,-2.693754160888205,-27.822694177121615
-2.587157058662182,-1.9136246379141575,-0.2595466775839172,-2.9109279614797616,-35.28569258922226
6.255991345150051,-1.4360077014877053,0.738810480887503,6.628087330900019,-16.77681540080176
8.944971547677174,4.351955313163526,0.6153674840130534,8.854359461068123,-7.547194000448993
9.720021276457416,3.8487230264873933,-0.9354387020445953,9.395334757296704,2.802125426535195
5.0675637051788325,9.825119874043764,1.0859821161750323,5.728215721315339,-0.5586831428752017
-2.4748082893816843,-7.432114210917495,-0.535963445114048,-1.7650067871248658,-33.62616711993526
-8.329985666026625,-7.917807012316674,0.8080577982811451,-8.630197448895977,-50.29545025694405
5.542938318548735,4.486776342574823,0.36728731340134063,4.609668342868427,-12.281370440562835
1.1680849947161,1.567738340128182,1.8381836767951225,1.6718418396345611,30.92336413618517
-1.5155598150604739,-4.516786668803883,-0.22346598237185214,-1.857874727940476,27.607668772605813
8.12708770189472,-8.411612620220268,-0.3493167961181975,8.522400501476104,-5.565592026296439
-7.776050353876974,-8.286835008071389,-0.01941960588773261,-8.76110226273289,-46.77223018376647
-0.14749791418281788,7.883817493282365,-0.30317978283427544,0.2988007549668367,30.967542511859378
-9.772927104651618,-6.162653505625142,0.7999419019420501,-10.378513069292008,-23.070556779400597
-0.626787160117475,-3.5325687576895852,-1.616310608436588,-0.2614051005842128,10.630582833692364
-8.873934486363254,-5.46687195546024,-1.053682419146354,-8.866797952445037,0.006840915023136773
-7.623641674638561,-2.9000738833612534,-1.067802921579193,-8.100611384336883,-25.249529385825163
-7.649475064457903,-8.611523145078133,0.9503075919735757,-7.852993220921293,-40.34117610064649
2.984206042321272,0.3811958181654074,1.7106133725819253,3.3273652707996226,23.532036925160313
4.920897585308467,-8.647748728155701,-0.1044492185374715,4.973844811866083,-10.008166810456833
1.667375301943192,6.007130156447232,-0.16882172319001063,1.959581792179434,-5.070424332866355
9.243450969490837,-5.3257583617913395,0.07005216311318138,10.23167126174858,46.39374116823084
-2.5025884095259183,0.8002382920902118,1.1618783026081905,-3.284709215381444,14.158237444738536
-4.285758274362785,7.6015817512291655,-0.9273531341905741,-3.4771519868784733,17.060306807295873
7.3719825637892065,3.017547380943883,0.23836898273478513,7.424160532550813,24.519811425331905
-5.528083229610948,0.659155731026706,0.9751976297824297,-5.9774752537725115,7.3942904502725515
9.264450788812226,-3.513324937692488,0.5010941699398452,8.599293975942732,32.91653271735284
-9.756910506203674,-3.339961738836042,0.1895816165987434,-9.851470701592191,-20.144867544407436
9.39757653415278,3.3897391039638016,1.0010460925671412,9.85840159011501,17.068544207258128
-9.136801760988478,9.88278722442335,-2.703232292999237,-9.200576321177245,-37.21135321640756
7.822862273961423,3.236783796987572,0.6778753195309076,8.578439739085097,17.971595868046887
0.5540221817259976,1.155668347400498,-0.6540756831274238,-0.17156566329978185,29.242842885940636
9.859295922386007,4.613010204784922,-1.830632896856457,9.853251448462979,-8.23522819100566
-8.524068705292024,-0.6958877543256374,0.5112025995249807,-9.150265427498583,-37.447172263309795
1.0770856880264148,-8.797153147984297,1.3736585451629577,1.2589016293388988,-11.332246872930842
9.38605071238198,1.245936317558197,-0.13744851462769186,9.82949440743063,50.67041192227354
0.46195688340297636,9.152505690107603,0.9528745472029388,0.2515759865624497,8.447109924875887
2.5879727627052507,-6.493941152846807,1.6122782579886454,1.2858658343916836,0.7656902684679325
3.9149737796923425,3.800097816413315,1.3149144535840473,4.01444785309059,-7.901709699997472
-0.9091787046445354,-5.9813262268188705,1.639964529371393,-0.6908094287777806,7.963014051467021
2.551161601681269,0.7165536894616249,0.7421274910718922,2.7533089791621177,30.102007241413073
1.6862862384620048,-8.066471007065608,0.0754336389015928,2.304177334373082,-25.463447370179335
8.023160209819778,-0.9925812748362972,-1.6019658118971685,7.487633369995254,-6.661879298943603
-9.091072393170842,5.123266577904921,-0.24606248812994858,-8.750964340445618,-52.98943897288263
-4.380736208155394,-3.0485695152203585,-0.8432465953161917,-3.7844824519164066,-15.200371704778936
9.008229681531176,3.2982344897443596,2.1709427174978138,8.118935889527918,17.774258951902667
7.805275677818326,5.908999215794584,-0.1758858124323366,7.965101590777815,12.136853131128452
-0.8868649442857404,8.543556389589053,0.12320480678448567,-1.138954859789576,19.893113914769017
2.4026519560307342,-5.307158362890929,0.5514853760404675,2.361890619479911,31.302537991564698
-4.452376340377347,-2.0136816838138376,0.043602446372453724,-4.278538098608179,-38.26935398343585
-6.237576805524774,-6.951679733391652,1.695051040430753,-6.48119108758155,-31.811310936432132
-0.7260319012003578,9.849670043167503,-0.622649361734452,-1.0638859407811636,-9.127888768074197
-2.9329554394789437,8.540019358485907,0.1946074552372427,-2.9158792307349315,14.81873655374863
1.6731222370174414,0.7991426056111912,-0.7424705856980482,1.12949926758604,24.706680953794347
-8.445307260700304,6.840665887528424,-1.3200225112207058,-8.988219825142897,-3.1534487028698113
9.48789615332333,0.4191595454408432,-0.6117690909052854,9.827582794801582,37.29331034376588
9.724214889592059,2.471713760055195,-0.03703679704841202,9.149817872012731,46.63068357379423
